<?xml version="1.0" encoding="UTF-8" ?>
<!DOCTYPE ruleset PUBLIC "dtd/SRML-simpleRules.dtd" "../dtd/SRML-simpleRules.dtd">
<ruleset name="noemp1">
    <rule name="noemp1">
        <conditionPart>
            <simpleCondition className="Demographics">
                <naryExp operator="and">
                    <binaryExp operator="neq">
                        <field name="emp1.expt.xml" />
                        <constant type="string" value="i" />
                    </binaryExp>
                    <binaryExp operator="neq">
                        <field name="emp1.expt.xml" />
                        <constant type="string" value="c" />
                    </binaryExp>
                </naryExp>
            </simpleCondition>
        </conditionPart>
        <actionPart>
            <assignment>
                <variable name="odds" />
                <constant type="int" value="26" />
            </assignment>
        </actionPart>
    </rule>
</ruleset>